{
    "collective_rewards_test": [
        [
            -38937.5,
            -38937.5,
            -38937.5,
            -38937.5,
            -38937.5,
            -38937.5,
            -38937.5,
            -38937.5,
            -38937.5,
            -38937.5,
            -38937.5,
            -38937.5,
            -38937.5,
            -38937.5,
            -38937.5,
            -38937.5,
            -38937.5,
            -38937.5,
            -38937.5,
            -38937.5
        ]
    ],
    "backlog": {
        "average_backlog": 10478.221643835617,
        "std_deviation_backlog": 2564.5931815594863,
        "median_backlog": 11000.0
    },
    "inventory": {
        "average_inv": 1000.0,
        "std_deviation_inv": 1465.3588687812985
    }
}