{
    "collective_rewards_test": [
        [
            22047.5,
            22197.5,
            21942.5,
            22282.5,
            22222.5,
            22077.5,
            21687.5,
            22177.5,
            22257.5,
            21752.5,
            22152.5,
            22122.5,
            21762.5,
            21297.5,
            21332.5,
            22117.5,
            22117.5,
            22192.5,
            21257.5,
            22127.5
        ]
    ],
    "backlog": {
        "average_backlog": 9605.475753424658,
        "std_deviation_backlog": 1760.0744923995874,
        "median_backlog": 9736.5
    },
    "inventory": {
        "average_inv": 2000.0,
        "std_deviation_inv": 1143.0563394638914
    }
}