{
    "collective_rewards_test": [
        [
            22092.5,
            22047.5,
            22427.5,
            21817.5,
            21727.5,
            21677.5,
            21882.5,
            21807.5,
            21592.5,
            21247.5,
            22152.5,
            22082.5,
            21657.5,
            22082.5,
            22347.5,
            22107.5,
            22092.5,
            21917.5,
            22292.5,
            21767.5
        ]
    ],
    "backlog": {
        "average_backlog": 2923.1342465753423,
        "std_deviation_backlog": 398.39565580826564,
        "median_backlog": 3000.0
    },
    "inventory": {
        "average_inv": 600.0,
        "std_deviation_inv": 206.4393373548416
    }
}