{
    "collective_rewards_test": [
        [
            25529.0,
            21656.5,
            24095.0,
            22885.0,
            23626.0,
            24830.5,
            25503.0,
            19061.0,
            24176.0,
            21522.5,
            24320.5,
            24528.5,
            24146.5,
            23978.5,
            19072.0,
            21122.0,
            20590.0,
            20611.0,
            22797.5,
            20309.5
        ]
    ],
    "backlog": {
        "average_backlog": 2710.019178082192,
        "std_deviation_backlog": 472.6521312117935,
        "median_backlog": 2555.1
    },
    "inventory": {
        "average_inv": 702.0,
        "std_deviation_inv": 310.1827594011096
    }
}