{
    "collective_rewards_test": [
        [
            39117.0,
            39239.5,
            38457.5,
            40281.5,
            40091.5,
            38264.0,
            38805.0,
            39348.5,
            39890.0,
            38611.0,
            37217.0,
            40651.5,
            40204.0,
            39753.5,
            39012.0,
            38793.0,
            39678.5,
            40811.0,
            38282.0,
            38345.5
        ]
    ],
    "backlog": {
        "average_backlog": 3895.5290410958905,
        "std_deviation_backlog": 1086.4877676686476,
        "median_backlog": 3873.75
    },
    "inventory": {
        "average_inv": 2000.0,
        "std_deviation_inv": 694.2861640711031
    }
}