{
    "collective_rewards_test": [
        [
            21977.5,
            21352.5,
            21922.5,
            21752.5,
            21722.5,
            22087.5,
            22332.5,
            21807.5,
            22012.5,
            21752.5,
            22077.5,
            22102.5,
            22022.5,
            20397.5,
            22197.5,
            21332.5,
            21577.5,
            21827.5,
            21522.5,
            22492.5
        ]
    ],
    "backlog": {
        "average_backlog": 4020.6583561643833,
        "std_deviation_backlog": 1195.8998203301944,
        "median_backlog": 4000.0
    },
    "inventory": {
        "average_inv": 2000.0,
        "std_deviation_inv": 1002.4220827418332
    }
}