{
    "collective_rewards_test": [
        [
            25815.0,
            25395.5,
            26078.0,
            26801.5,
            26678.5,
            26006.5,
            25280.5,
            27057.0,
            26925.0,
            27640.5,
            26964.0,
            26841.0,
            26655.0,
            27475.0,
            25998.5,
            27243.0,
            25292.5,
            26943.0,
            27279.5,
            25424.0
        ]
    ],
    "backlog": {
        "average_backlog": 5860.600684931507,
        "std_deviation_backlog": 1631.5074773650783,
        "median_backlog": 6000.0
    },
    "inventory": {
        "average_inv": 2000.0,
        "std_deviation_inv": 1020.5431770128566
    }
}