{
    "collective_rewards_test": [
        [
            21897.5,
            21637.5,
            21422.5,
            22222.5,
            22167.5,
            21672.5,
            21592.5,
            22252.5,
            21987.5,
            22252.5,
            22072.5,
            21652.5,
            22322.5,
            22047.5,
            21947.5,
            22252.5,
            22242.5,
            22082.5,
            21617.5,
            21917.5
        ]
    ],
    "backlog": {
        "average_backlog": 7136.703150684932,
        "std_deviation_backlog": 1668.318402120257,
        "median_backlog": 7000.0
    },
    "inventory": {
        "average_inv": 1000.0,
        "std_deviation_inv": 1141.1315529002702
    }
}